Name,type,organ,mouse_index,median_FC
Snu13,unknown,TNF low,K141,0.249766971
Polr2a,positive control,TNF low,K141,0.054215831
Trp53rkb,unknown,TNF low,K141,0.383890073
Fbl,unknown,TNF low,K141,0.149692511
Tyw5,unknown,TNF low,K141,0.500455531
Trmu,unknown,TNF low,K141,0.223903601
Ftsj1,unknown,TNF low,K141,0.692991952
Mrm1,unknown,TNF low,K141,0.60818137
NC1,control,TNF low,K141,0.752954323
Cmtr2,unknown,TNF low,K141,0.294841833
Ythdf1-1,unknown,TNF low,K141,0.443542934
Fto-2,unknown,TNF low,K141,0.571597833
Lage3,unknown,TNF low,K141,0.317284925
Alkbh3-3,unknown,TNF low,K141,0.603051922
Adat2,unknown,TNF low,K141,0.533782159
Osgep,unknown,TNF low,K141,0.100042105
Pus10,unknown,TNF low,K141,0.847062685
Nsun2,unknown,TNF low,K141,0.769985379
NC2,control,TNF low,K141,0.751038987
Rnmt,unknown,TNF low,K141,0.365464222
Pus7,unknown,TNF low,K141,0.616029963
Mettl3-3,unknown,TNF low,K141,0.358432813
Trmt5,unknown,TNF low,K141,0.460454488
Mettl14,unknown,TNF low,K141,0.339960887
Qtrt1,unknown,TNF low,K141,0.619661267
Trmo,unknown,TNF low,K141,0.73477582
Mrm2,unknown,TNF low,K141,0.107453344
Dimt1,unknown,TNF low,K141,0.22823726
NC3,control,TNF low,K141,0.998720445
Nsun4,unknown,TNF low,K141,0.359183673
Dcps,unknown,TNF low,K141,0.501262712
Ctu1,unknown,TNF low,K141,0.750166556
Trmt10c,unknown,TNF low,K141,0.231123171
Mettl3-2,unknown,TNF low,K141,0.34086171
Adat1,unknown,TNF low,K141,0.883349313
Trp53rka,unknown,TNF low,K141,0.938620894
Thg1l,unknown,TNF low,K141,0.105309182
Cdkal1,unknown,TNF low,K141,0.632863431
NC4,control,TNF low,K141,0.923915512
Trmt10b,unknown,TNF low,K141,0.726466864
Rpusd4,unknown,TNF low,K141,0.476135992
Elp3,unknown,TNF low,K141,0.504619758
Tprkb,unknown,TNF low,K141,0.173601543
Trmt112,unknown,TNF low,K141,0.204799741
Ythdc1-1,unknown,TNF low,K141,0.25860958
Tgs1,unknown,TNF low,K141,0.361300861
Mettl3-1,unknown,TNF low,K141,0.45388649
Alkbh3-2,unknown,TNF low,K141,1.019194689
NC5,control,TNF low,K141,1.136452666
Ythdf1-2,unknown,TNF low,K141,1.05
Mettl1,unknown,TNF low,K141,0.422907489
Fto-1,unknown,TNF low,K141,1.209196934
Nfs1,unknown,TNF low,K141,0.115349405
Gon7-1,unknown,TNF low,K141,1.305098871
Cmtr1,unknown,TNF low,K141,0.316115702
Bcdin3d,unknown,TNF low,K141,1.208011445
Txn1,unknown,TNF low,K141,0.114270908
NC6,control,TNF low,K141,1.506542543
Mepce,unknown,TNF low,K141,0.445584906
Mettl2,unknown,TNF low,K141,1.059479554
Iscu,unknown,TNF low,K141,0.114165968
Trmt61b,unknown,TNF low,K141,1.45062481
Alkbh8,unknown,TNF low,K141,1.438764451
Mrm3,unknown,TNF low,K141,1.500611662
Elp1,unknown,TNF low,K141,1.138620016
Bud23,unknown,TNF low,K141,0.236975357
Hsd17b10,unknown,TNF low,K141,0.875198188
NC7,control,TNF low,K141,2.017610566
Adat3,unknown,TNF low,K141,0.68591737
Trdmt1,unknown,TNF low,K141,1.689278683
Gon7-2,unknown,TNF low,K141,1.438002172
Mettl6,unknown,TNF low,K141,1.693853601
Thumpd1,unknown,TNF low,K141,1.827669474
Wdr4,unknown,TNF low,K141,0.622008965
Alkbh5,unknown,TNF low,K141,3.158815995
Trmt61a,unknown,TNF low,K141,0.438121767
Trit1,unknown,TNF low,K141,1.864761419
NC8,control,TNF low,K141,4.200391219
Ythdc1-2,unknown,TNF low,K141,0.982330409
Tfb1m,unknown,TNF low,K141,1.916734165
Trmt6,unknown,TNF low,K141,0.659319032
Trmt10a,unknown,TNF low,K141,3.020139427
Pus3,unknown,TNF low,K141,6.392104561
Urm1,unknown,TNF low,K141,2.523817772
Alkbh3-1,unknown,TNF low,K141,3.851114923
Qtrt2,unknown,TNF low,K141,4.833730632
Mettl16,unknown,TNF low,K141,0.09375
Snu13,unknown,TNF high,K141,0.271249589
Polr2a,positive control,TNF high,K141,0.064613133
Trp53rkb,unknown,TNF high,K141,0.475102552
Fbl,unknown,TNF high,K141,0.219912614
Tyw5,unknown,TNF high,K141,0.471010498
Trmu,unknown,TNF high,K141,0.323509766
Ftsj1,unknown,TNF high,K141,0.801648411
Mrm1,unknown,TNF high,K141,0.445397676
NC1,control,TNF high,K141,0.721284044
Cmtr2,unknown,TNF high,K141,0.340056467
Ythdf1-1,unknown,TNF high,K141,0.528549866
Fto-2,unknown,TNF high,K141,0.766010992
Lage3,unknown,TNF high,K141,0.437419861
Alkbh3-3,unknown,TNF high,K141,0.68200798
Adat2,unknown,TNF high,K141,0.47313807
Osgep,unknown,TNF high,K141,0.136087836
Pus10,unknown,TNF high,K141,0.837593215
Nsun2,unknown,TNF high,K141,0.750132767
NC2,control,TNF high,K141,0.914013699
Rnmt,unknown,TNF high,K141,0.511958885
Pus7,unknown,TNF high,K141,0.575513075
Mettl3-3,unknown,TNF high,K141,0.755525465
Trmt5,unknown,TNF high,K141,0.785379203
Mettl14,unknown,TNF high,K141,0.908193238
Qtrt1,unknown,TNF high,K141,0.638851734
Trmo,unknown,TNF high,K141,0.70232816
Mrm2,unknown,TNF high,K141,0.108533099
Dimt1,unknown,TNF high,K141,0.175646279
NC3,control,TNF high,K141,0.966990378
Nsun4,unknown,TNF high,K141,0.613423415
Dcps,unknown,TNF high,K141,0.514525419
Ctu1,unknown,TNF high,K141,0.908701854
Trmt10c,unknown,TNF high,K141,0.374663073
Mettl3-2,unknown,TNF high,K141,0.604501047
Adat1,unknown,TNF high,K141,0.878116772
Trp53rka,unknown,TNF high,K141,0.784767056
Thg1l,unknown,TNF high,K141,0.16433845
Cdkal1,unknown,TNF high,K141,0.839257504
NC4,control,TNF high,K141,1.054405392
Trmt10b,unknown,TNF high,K141,0.825794141
Rpusd4,unknown,TNF high,K141,0.703002347
Elp3,unknown,TNF high,K141,0.678456371
Tprkb,unknown,TNF high,K141,0.15587904
Trmt112,unknown,TNF high,K141,0.177430371
Ythdc1-1,unknown,TNF high,K141,0.324186047
Tgs1,unknown,TNF high,K141,0.4
Mettl3-1,unknown,TNF high,K141,1.229273286
Alkbh3-2,unknown,TNF high,K141,1.095182652
NC5,control,TNF high,K141,0.903598424
Ythdf1-2,unknown,TNF high,K141,1.178835045
Mettl1,unknown,TNF high,K141,0.856211943
Fto-1,unknown,TNF high,K141,0.95919971
Nfs1,unknown,TNF high,K141,0.261629088
Gon7-1,unknown,TNF high,K141,1.134625493
Cmtr1,unknown,TNF high,K141,0.311857437
Bcdin3d,unknown,TNF high,K141,1.472923833
Txn1,unknown,TNF high,K141,0.103780887
NC6,control,TNF high,K141,1.769719862
Mepce,unknown,TNF high,K141,0.298724728
Mettl2,unknown,TNF high,K141,1.343090245
Iscu,unknown,TNF high,K141,0.201852382
Trmt61b,unknown,TNF high,K141,1.567734887
Alkbh8,unknown,TNF high,K141,1.567611666
Mrm3,unknown,TNF high,K141,1.711589484
Elp1,unknown,TNF high,K141,1.204946996
Bud23,unknown,TNF high,K141,0.290283401
Hsd17b10,unknown,TNF high,K141,1.667694205
NC7,control,TNF high,K141,1.769248214
Adat3,unknown,TNF high,K141,0.660119458
Trdmt1,unknown,TNF high,K141,2.466607401
Gon7-2,unknown,TNF high,K141,1.891671203
Mettl6,unknown,TNF high,K141,1.957813428
Thumpd1,unknown,TNF high,K141,2.515335801
Wdr4,unknown,TNF high,K141,0.8335156
Alkbh5,unknown,TNF high,K141,2.949806406
Trmt61a,unknown,TNF high,K141,0.659918729
Trit1,unknown,TNF high,K141,3.134413375
NC8,control,TNF high,K141,4.130972293
Ythdc1-2,unknown,TNF high,K141,1.127569568
Tfb1m,unknown,TNF high,K141,3.418989461
Trmt6,unknown,TNF high,K141,0.803938925
Trmt10a,unknown,TNF high,K141,2.958699473
Pus3,unknown,TNF high,K141,7.125335226
Urm1,unknown,TNF high,K141,3.728003187
Alkbh3-1,unknown,TNF high,K141,3.210577249
Qtrt2,unknown,TNF high,K141,4.207241137
Mettl16,unknown,TNF high,K141,0.104060061
Snu13,unknown,TNF low,K273,0.172765957
Polr2a,positive control,TNF low,K273,0.01744086
Trp53rkb,unknown,TNF low,K273,0.257758825
Fbl,unknown,TNF low,K273,0.120421427
Tyw5,unknown,TNF low,K273,0.434293613
Trmu,unknown,TNF low,K273,0.088832843
Ftsj1,unknown,TNF low,K273,0.59881395
Mrm1,unknown,TNF low,K273,0.500880096
NC1,control,TNF low,K273,0.787819528
Cmtr2,unknown,TNF low,K273,0.205825891
Ythdf1-1,unknown,TNF low,K273,0.534820825
Fto-2,unknown,TNF low,K273,0.510832769
Lage3,unknown,TNF low,K273,0.236400947
Alkbh3-3,unknown,TNF low,K273,0.53626635
Adat2,unknown,TNF low,K273,0.430151479
Osgep,unknown,TNF low,K273,0.016168421
Pus10,unknown,TNF low,K273,0.602888087
Nsun2,unknown,TNF low,K273,0.566240626
NC2,control,TNF low,K273,0.805363151
Rnmt,unknown,TNF low,K273,0.275745544
Pus7,unknown,TNF low,K273,0.492883895
Mettl3-3,unknown,TNF low,K273,0.309152127
Trmt5,unknown,TNF low,K273,0.465024756
Mettl14,unknown,TNF low,K273,0.294328553
Qtrt1,unknown,TNF low,K273,0.515463918
Trmo,unknown,TNF low,K273,0.900401517
Mrm2,unknown,TNF low,K273,0.023994436
Dimt1,unknown,TNF low,K273,0.177777778
NC3,control,TNF low,K273,0.844172462
Nsun4,unknown,TNF low,K273,0.316553288
Dcps,unknown,TNF low,K273,0.253088526
Ctu1,unknown,TNF low,K273,0.692427271
Trmt10c,unknown,TNF low,K273,0.174492685
Mettl3-2,unknown,TNF low,K273,0.223766505
Adat1,unknown,TNF low,K273,0.775966763
Trp53rka,unknown,TNF low,K273,0.676886653
Thg1l,unknown,TNF low,K273,0.030730793
Cdkal1,unknown,TNF low,K273,0.738507829
NC4,control,TNF low,K273,0.903474903
Trmt10b,unknown,TNF low,K273,0.895736598
Rpusd4,unknown,TNF low,K273,0.329519451
Elp3,unknown,TNF low,K273,0.417910448
Tprkb,unknown,TNF low,K273,0.169192615
Trmt112,unknown,TNF low,K273,0.104588941
Ythdc1-1,unknown,TNF low,K273,0.267630844
Tgs1,unknown,TNF low,K273,0.188446688
Mettl3-1,unknown,TNF low,K273,0.299352252
Alkbh3-2,unknown,TNF low,K273,0.772838793
NC5,control,TNF low,K273,1.159956474
Ythdf1-2,unknown,TNF low,K273,0.88409894
Mettl1,unknown,TNF low,K273,0.294738592
Fto-1,unknown,TNF low,K273,0.84011996
Nfs1,unknown,TNF low,K273,0.079096735
Gon7-1,unknown,TNF low,K273,1.075081446
Cmtr1,unknown,TNF low,K273,0.232676414
Bcdin3d,unknown,TNF low,K273,1.38769671
Txn1,unknown,TNF low,K273,0.040033685
NC6,control,TNF low,K273,1.533493913
Mepce,unknown,TNF low,K273,0.254490566
Mettl2,unknown,TNF low,K273,1.171003717
Iscu,unknown,TNF low,K273,0.117183571
Trmt61b,unknown,TNF low,K273,1.370618714
Alkbh8,unknown,TNF low,K273,1.03558526
Mrm3,unknown,TNF low,K273,1.589098817
Elp1,unknown,TNF low,K273,0.868484149
Bud23,unknown,TNF low,K273,0.184314167
Hsd17b10,unknown,TNF low,K273,0.30804077
NC7,control,TNF low,K273,1.753051831
Adat3,unknown,TNF low,K273,0.241670369
Trdmt1,unknown,TNF low,K273,1.407374262
Gon7-2,unknown,TNF low,K273,1.666449511
Mettl6,unknown,TNF low,K273,1.229573126
Thumpd1,unknown,TNF low,K273,1.56687673
Wdr4,unknown,TNF low,K273,0.409116737
Alkbh5,unknown,TNF low,K273,1.841753238
Trmt61a,unknown,TNF low,K273,0.156784719
Trit1,unknown,TNF low,K273,0.894105639
NC8,control,TNF low,K273,2.87676592
Ythdc1-2,unknown,TNF low,K273,0.551958483
Tfb1m,unknown,TNF low,K273,0.919974081
Trmt6,unknown,TNF low,K273,0.254280653
Trmt10a,unknown,TNF low,K273,2.150271108
Pus3,unknown,TNF low,K273,3.414510536
Urm1,unknown,TNF low,K273,1.279404123
Alkbh3-1,unknown,TNF low,K273,2.597304582
Qtrt2,unknown,TNF low,K273,2.882896305
Mettl16,unknown,TNF low,K273,0.049472892
Snu13,unknown,TNF high,K273,0.311591867
Polr2a,positive control,TNF high,K273,0.131216143
Trp53rkb,unknown,TNF high,K273,0.447104383
Fbl,unknown,TNF high,K273,0.254281808
Tyw5,unknown,TNF high,K273,0.540189745
Trmu,unknown,TNF high,K273,0.30764542
Ftsj1,unknown,TNF high,K273,0.793508835
Mrm1,unknown,TNF high,K273,0.696990083
NC1,control,TNF high,K273,0.791453408
Cmtr2,unknown,TNF high,K273,0.317451074
Ythdf1-1,unknown,TNF high,K273,0.615330105
Fto-2,unknown,TNF high,K273,0.807514852
Lage3,unknown,TNF high,K273,0.503614458
Alkbh3-3,unknown,TNF high,K273,0.742042789
Adat2,unknown,TNF high,K273,0.629270618
Osgep,unknown,TNF high,K273,0.165654931
Pus10,unknown,TNF high,K273,0.895408163
Nsun2,unknown,TNF high,K273,0.617592549
NC2,control,TNF high,K273,0.751840537
Rnmt,unknown,TNF high,K273,0.50251076
Pus7,unknown,TNF high,K273,0.648368405
Mettl3-3,unknown,TNF high,K273,0.559152506
Trmt5,unknown,TNF high,K273,0.910019996
Mettl14,unknown,TNF high,K273,0.576383476
Qtrt1,unknown,TNF high,K273,0.699300699
Trmo,unknown,TNF high,K273,1.098050626
Mrm2,unknown,TNF high,K273,0.222361337
Dimt1,unknown,TNF high,K273,0.374821173
NC3,control,TNF high,K273,1.096560995
Nsun4,unknown,TNF high,K273,0.640981303
Dcps,unknown,TNF high,K273,0.550289191
Ctu1,unknown,TNF high,K273,1.251071647
Trmt10c,unknown,TNF high,K273,0.379347102
Mettl3-2,unknown,TNF high,K273,0.486569455
Adat1,unknown,TNF high,K273,0.941921245
Trp53rka,unknown,TNF high,K273,0.673602378
Thg1l,unknown,TNF high,K273,0.197510267
Cdkal1,unknown,TNF high,K273,0.781185598
NC4,control,TNF high,K273,0.996908442
Trmt10b,unknown,TNF high,K273,0.998023994
Rpusd4,unknown,TNF high,K273,0.703642528
Elp3,unknown,TNF high,K273,0.960123489
Tprkb,unknown,TNF high,K273,0.201512859
Trmt112,unknown,TNF high,K273,0.260580205
Ythdc1-1,unknown,TNF high,K273,0.319637557
Tgs1,unknown,TNF high,K273,0.371775417
Mettl3-1,unknown,TNF high,K273,0.626239067
Alkbh3-2,unknown,TNF high,K273,0.868427469
NC5,control,TNF high,K273,0.955660247
Ythdf1-2,unknown,TNF high,K273,0.748994831
Mettl1,unknown,TNF high,K273,0.525718998
Fto-1,unknown,TNF high,K273,1.088352571
Nfs1,unknown,TNF high,K273,0.163729392
Gon7-1,unknown,TNF high,K273,0.724036058
Cmtr1,unknown,TNF high,K273,0.318768355
Bcdin3d,unknown,TNF high,K273,1.118923876
Txn1,unknown,TNF high,K273,0.203221316
NC6,control,TNF high,K273,1.138493292
Mepce,unknown,TNF high,K273,0.269888306
Mettl2,unknown,TNF high,K273,0.963554055
Iscu,unknown,TNF high,K273,0.29759463
Trmt61b,unknown,TNF high,K273,0.985994862
Alkbh8,unknown,TNF high,K273,1.223453556
Mrm3,unknown,TNF high,K273,1.101931404
Elp1,unknown,TNF high,K273,1.005988024
Bud23,unknown,TNF high,K273,0.198059631
Hsd17b10,unknown,TNF high,K273,0.885413996
NC7,control,TNF high,K273,1.092148841
Adat3,unknown,TNF high,K273,0.312440126
Trdmt1,unknown,TNF high,K273,1.306259158
Gon7-2,unknown,TNF high,K273,1.15724354
Mettl6,unknown,TNF high,K273,1.070606293
Thumpd1,unknown,TNF high,K273,1.25894389
Wdr4,unknown,TNF high,K273,0.412919731
Alkbh5,unknown,TNF high,K273,0.997080986
Trmt61a,unknown,TNF high,K273,0.536850921
Trit1,unknown,TNF high,K273,1.216772047
NC8,control,TNF high,K273,1.728550933
Ythdc1-2,unknown,TNF high,K273,0.45644775
Tfb1m,unknown,TNF high,K273,1.065759251
Trmt6,unknown,TNF high,K273,0.588692442
Trmt10a,unknown,TNF high,K273,1.087125516
Pus3,unknown,TNF high,K273,1.701566706
Urm1,unknown,TNF high,K273,1.440216086
Alkbh3-1,unknown,TNF high,K273,1.212942556
Qtrt2,unknown,TNF high,K273,1.328976831
Mettl16,unknown,TNF high,K273,0.073707992
Snu13,unknown,TNF high,N380,0.435143261
Polr2a,positive control,TNF high,N380,0.163150982
Trp53rkb,unknown,TNF high,N380,0.790096054
Fbl,unknown,TNF high,N380,0.20885763
Tyw5,unknown,TNF high,N380,0.621639578
Trmu,unknown,TNF high,N380,0.197184669
Ftsj1,unknown,TNF high,N380,1.272376525
Mrm1,unknown,TNF high,N380,0.790889326
NC1,control,TNF high,N380,1.216917575
Cmtr2,unknown,TNF high,N380,0.489223939
Ythdf1-1,unknown,TNF high,N380,0.580740118
Fto-2,unknown,TNF high,N380,0.700325933
Lage3,unknown,TNF high,N380,0.759050868
Alkbh3-3,unknown,TNF high,N380,0.936363636
Adat2,unknown,TNF high,N380,0.308551162
Osgep,unknown,TNF high,N380,0.079581888
Pus10,unknown,TNF high,N380,1.212805102
Nsun2,unknown,TNF high,N380,1.35885898
NC2,control,TNF high,N380,1.509098568
Rnmt,unknown,TNF high,N380,0.917913231
Pus7,unknown,TNF high,N380,0.891036439
Mettl3-3,unknown,TNF high,N380,0.408342481
Trmt5,unknown,TNF high,N380,0.480451599
Mettl14,unknown,TNF high,N380,0.198612577
Qtrt1,unknown,TNF high,N380,0.556863997
Trmo,unknown,TNF high,N380,0.947532828
Mrm2,unknown,TNF high,N380,0.329167167
Dimt1,unknown,TNF high,N380,0.468644237
NC3,control,TNF high,N380,1.897403467
Nsun4,unknown,TNF high,N380,0.479882955
Dcps,unknown,TNF high,N380,0.590437528
Ctu1,unknown,TNF high,N380,0.554946027
Trmt10c,unknown,TNF high,N380,0.498263681
Mettl3-2,unknown,TNF high,N380,0.113469216
Adat1,unknown,TNF high,N380,0.80937516
Trp53rka,unknown,TNF high,N380,1.047018413
Thg1l,unknown,TNF high,N380,0.243852757
Cdkal1,unknown,TNF high,N380,0.613259669
NC4,control,TNF high,N380,1.034765709
Trmt10b,unknown,TNF high,N380,0.991520487
Rpusd4,unknown,TNF high,N380,0.176907957
Elp3,unknown,TNF high,N380,1.010754735
Tprkb,unknown,TNF high,N380,0.232057659
Trmt112,unknown,TNF high,N380,0.188261351
Ythdc1-1,unknown,TNF high,N380,0.134010504
Tgs1,unknown,TNF high,N380,0.135434412
Mettl3-1,unknown,TNF high,N380,0.227766393
Alkbh3-2,unknown,TNF high,N380,0.84660496
NC5,control,TNF high,N380,0.854399541
Ythdf1-2,unknown,TNF high,N380,0.702374725
Mettl1,unknown,TNF high,N380,0.192708333
Fto-1,unknown,TNF high,N380,0.582528534
Nfs1,unknown,TNF high,N380,0.060078564
Gon7-1,unknown,TNF high,N380,0.255864754
Cmtr1,unknown,TNF high,N380,0.069871437
Bcdin3d,unknown,TNF high,N380,0.769545976
Txn1,unknown,TNF high,N380,0.087797619
NC6,control,TNF high,N380,0.946697813
Mepce,unknown,TNF high,N380,0.217650516
Mettl2,unknown,TNF high,N380,0.396728647
Iscu,unknown,TNF high,N380,0.073562801
Trmt61b,unknown,TNF high,N380,0.410555385
Alkbh8,unknown,TNF high,N380,0.642879631
Mrm3,unknown,TNF high,N380,0.22197846
Elp1,unknown,TNF high,N380,0.387594554
Bud23,unknown,TNF high,N380,0.05785124
Hsd17b10,unknown,TNF high,N380,0.09937565
NC7,control,TNF high,N380,0.505429665
Adat3,unknown,TNF high,N380,0.073494264
Trdmt1,unknown,TNF high,N380,0.237774524
Gon7-2,unknown,TNF high,N380,0.252762431
Mettl6,unknown,TNF high,N380,0.260372148
Thumpd1,unknown,TNF high,N380,0.338816597
Wdr4,unknown,TNF high,N380,0.120797138
Alkbh5,unknown,TNF high,N380,0.376110563
Trmt61a,unknown,TNF high,N380,0.071380749
Trit1,unknown,TNF high,N380,0.20923719
NC8,control,TNF high,N380,0.394158114
Ythdc1-2,unknown,TNF high,N380,0.085120532
Tfb1m,unknown,TNF high,N380,0.199725612
Trmt6,unknown,TNF high,N380,0.054235453
Trmt10a,unknown,TNF high,N380,0.361533888
Pus3,unknown,TNF high,N380,0.289105403
Urm1,unknown,TNF high,N380,0.108833464
Alkbh3-1,unknown,TNF high,N380,0.366561776
Qtrt2,unknown,TNF high,N380,0.452670579
Mettl16,unknown,TNF high,N380,0
Snu13,unknown,TNF low,N380,0.592701442
Polr2a,positive control,TNF low,N380,0.202877073
Trp53rkb,unknown,TNF low,N380,0.681065833
Fbl,unknown,TNF low,N380,0.201084476
Tyw5,unknown,TNF low,N380,0.61046458
Trmu,unknown,TNF low,N380,0.130541132
Ftsj1,unknown,TNF low,N380,1.548700632
Mrm1,unknown,TNF low,N380,0.770884284
NC1,control,TNF low,N380,1.316865244
Cmtr2,unknown,TNF low,N380,0.370963365
Ythdf1-1,unknown,TNF low,N380,0.545212312
Fto-2,unknown,TNF low,N380,0.896005958
Lage3,unknown,TNF low,N380,0.782529063
Alkbh3-3,unknown,TNF low,N380,0.821461282
Adat2,unknown,TNF low,N380,0.398348407
Osgep,unknown,TNF low,N380,0.144198175
Pus10,unknown,TNF low,N380,1.469658094
Nsun2,unknown,TNF low,N380,1.714251051
NC2,control,TNF low,N380,1.678457392
Rnmt,unknown,TNF low,N380,0.588320991
Pus7,unknown,TNF low,N380,0.799443896
Mettl3-3,unknown,TNF low,N380,0.464886965
Trmt5,unknown,TNF low,N380,0.70423424
Mettl14,unknown,TNF low,N380,0.282490429
Qtrt1,unknown,TNF low,N380,0.674027727
Trmo,unknown,TNF low,N380,1.169491525
Mrm2,unknown,TNF low,N380,0.437908912
Dimt1,unknown,TNF low,N380,0.443236715
NC3,control,TNF low,N380,1.219088783
Nsun4,unknown,TNF low,N380,0.535528338
Dcps,unknown,TNF low,N380,0.531225666
Ctu1,unknown,TNF low,N380,0.375486802
Trmt10c,unknown,TNF low,N380,0.583023334
Mettl3-2,unknown,TNF low,N380,0.398116438
Adat1,unknown,TNF low,N380,0.947915605
Trp53rka,unknown,TNF low,N380,0.896559794
Thg1l,unknown,TNF low,N380,0.11882592
Cdkal1,unknown,TNF low,N380,0.533221664
NC4,control,TNF low,N380,1.134151887
Trmt10b,unknown,TNF low,N380,0.867281848
Rpusd4,unknown,TNF low,N380,0.347427407
Elp3,unknown,TNF low,N380,0.673778123
Tprkb,unknown,TNF low,N380,0.268981305
Trmt112,unknown,TNF low,N380,0.065160273
Ythdc1-1,unknown,TNF low,N380,0.153278456
Tgs1,unknown,TNF low,N380,0.206284845
Mettl3-1,unknown,TNF low,N380,0.169794004
Alkbh3-2,unknown,TNF low,N380,0.772000556
NC5,control,TNF low,N380,0.843598174
Ythdf1-2,unknown,TNF low,N380,0.887492143
Mettl1,unknown,TNF low,N380,0.110073817
Fto-1,unknown,TNF low,N380,0.550511794
Nfs1,unknown,TNF low,N380,0.075664622
Gon7-1,unknown,TNF low,N380,0.198955321
Cmtr1,unknown,TNF low,N380,0.077844311
Bcdin3d,unknown,TNF low,N380,0.357822368
Txn1,unknown,TNF low,N380,0.058003766
NC6,control,TNF low,N380,0.921727575
Mepce,unknown,TNF low,N380,0.229645795
Mettl2,unknown,TNF low,N380,0.452465356
Iscu,unknown,TNF low,N380,0.087050554
Trmt61b,unknown,TNF low,N380,0.466497813
Alkbh8,unknown,TNF low,N380,0.385637546
Mrm3,unknown,TNF low,N380,0.36938485
Elp1,unknown,TNF low,N380,0.280908457
Bud23,unknown,TNF low,N380,0.060225502
Hsd17b10,unknown,TNF low,N380,0.103317934
NC7,control,TNF low,N380,0.718911427
Adat3,unknown,TNF low,N380,0.059184879
Trdmt1,unknown,TNF low,N380,0.212321138
Gon7-2,unknown,TNF low,N380,0.28520621
Mettl6,unknown,TNF low,N380,0.29906418
Thumpd1,unknown,TNF low,N380,0.418819188
Wdr4,unknown,TNF low,N380,0.08681672
Alkbh5,unknown,TNF low,N380,0.218518519
Trmt61a,unknown,TNF low,N380,0.030723079
Trit1,unknown,TNF low,N380,0.15096511
NC8,control,TNF low,N380,0.404347826
Ythdc1-2,unknown,TNF low,N380,0.068136714
Tfb1m,unknown,TNF low,N380,0.151250171
Trmt6,unknown,TNF low,N380,0.048904738
Trmt10a,unknown,TNF low,N380,0.266553431
Pus3,unknown,TNF low,N380,0.407567814
Urm1,unknown,TNF low,N380,0.167248299
Alkbh3-1,unknown,TNF low,N380,0.398903828
Qtrt2,unknown,TNF low,N380,0.5594157
Mettl16,unknown,TNF low,N380,0.000836062
Snu13,unknown,CD107a high,K291,1.016331854
Polr2a,positive control,CD107a high,K291,0.649760055
Trp53rkb,unknown,CD107a high,K291,1.014403662
Fbl,unknown,CD107a high,K291,0.718145403
Tyw5,unknown,CD107a high,K291,0.8300943
Trmu,unknown,CD107a high,K291,0.62956315
Ftsj1,unknown,CD107a high,K291,1.356833629
Mrm1,unknown,CD107a high,K291,0.708152998
NC1,control,CD107a high,K291,1.121803342
Cmtr2,unknown,CD107a high,K291,0.895597686
Ythdf1-1,unknown,CD107a high,K291,1.011645511
Fto-2,unknown,CD107a high,K291,1.525372817
Lage3,unknown,CD107a high,K291,0.705478441
Alkbh3-3,unknown,CD107a high,K291,1.170001682
Adat2,unknown,CD107a high,K291,0.730664114
Osgep,unknown,CD107a high,K291,0.713053774
Pus10,unknown,CD107a high,K291,1.608803915
Nsun2,unknown,CD107a high,K291,1.227102785
NC2,control,CD107a high,K291,1.203120338
Rnmt,unknown,CD107a high,K291,1.140089029
Pus7,unknown,CD107a high,K291,0.947553039
Mettl3-3,unknown,CD107a high,K291,1.059253376
Trmt5,unknown,CD107a high,K291,1.613125711
Mettl14,unknown,CD107a high,K291,1.403752557
Qtrt1,unknown,CD107a high,K291,0.9180142
Trmo,unknown,CD107a high,K291,1.191400522
Mrm2,unknown,CD107a high,K291,0.846249345
Dimt1,unknown,CD107a high,K291,1.016039262
NC3,control,CD107a high,K291,1.248600549
Nsun4,unknown,CD107a high,K291,1.232829073
Dcps,unknown,CD107a high,K291,1.007358208
Ctu1,unknown,CD107a high,K291,1.057632762
Trmt10c,unknown,CD107a high,K291,1.048949162
Mettl3-2,unknown,CD107a high,K291,0.824281754
Adat1,unknown,CD107a high,K291,1.397094044
Trp53rka,unknown,CD107a high,K291,0.813283236
Thg1l,unknown,CD107a high,K291,1.068756509
Cdkal1,unknown,CD107a high,K291,0.984918307
NC4,control,CD107a high,K291,1.435414943
Trmt10b,unknown,CD107a high,K291,1.006292037
Rpusd4,unknown,CD107a high,K291,0.976499862
Elp3,unknown,CD107a high,K291,0.988133431
Tprkb,unknown,CD107a high,K291,0.923454923
Trmt112,unknown,CD107a high,K291,0.78648659
Ythdc1-1,unknown,CD107a high,K291,0.686956522
Tgs1,unknown,CD107a high,K291,1.090791236
Mettl3-1,unknown,CD107a high,K291,0.969783506
Alkbh3-2,unknown,CD107a high,K291,1.023843902
NC5,control,CD107a high,K291,0.81091055
Ythdf1-2,unknown,CD107a high,K291,0.922252011
Mettl1,unknown,CD107a high,K291,0.989387942
Fto-1,unknown,CD107a high,K291,0.855077701
Nfs1,unknown,CD107a high,K291,0.456422185
Gon7-1,unknown,CD107a high,K291,0.797538972
Cmtr1,unknown,CD107a high,K291,0.965817278
Bcdin3d,unknown,CD107a high,K291,0.958456408
Txn1,unknown,CD107a high,K291,0.675427311
NC6,control,CD107a high,K291,0.828004856
Mepce,unknown,CD107a high,K291,0.795091456
Mettl2,unknown,CD107a high,K291,0.62890625
Iscu,unknown,CD107a high,K291,0.9600357
Trmt61b,unknown,CD107a high,K291,0.851701371
Alkbh8,unknown,CD107a high,K291,1.064323071
Mrm3,unknown,CD107a high,K291,0.781148429
Elp1,unknown,CD107a high,K291,0.698724069
Bud23,unknown,CD107a high,K291,0.411256281
Hsd17b10,unknown,CD107a high,K291,1.550025726
NC7,control,CD107a high,K291,0.419105567
Adat3,unknown,CD107a high,K291,0.695632623
Trdmt1,unknown,CD107a high,K291,1.047130301
Gon7-2,unknown,CD107a high,K291,0.812663375
Mettl6,unknown,CD107a high,K291,0.992139594
Thumpd1,unknown,CD107a high,K291,1.048481328
Wdr4,unknown,CD107a high,K291,0.681138722
Alkbh5,unknown,CD107a high,K291,0.498025507
Trmt61a,unknown,CD107a high,K291,0.738404181
Trit1,unknown,CD107a high,K291,0.807192807
NC8,control,CD107a high,K291,0.678531779
Ythdc1-2,unknown,CD107a high,K291,0.71790958
Tfb1m,unknown,CD107a high,K291,0.776086957
Trmt6,unknown,CD107a high,K291,0.484016589
Trmt10a,unknown,CD107a high,K291,0.686999192
Pus3,unknown,CD107a high,K291,0.742648584
Urm1,unknown,CD107a high,K291,0.433500442
Alkbh3-1,unknown,CD107a high,K291,0.414335022
Qtrt2,unknown,CD107a high,K291,0.48247767
Mettl16,unknown,CD107a high,K291,0.123031641
Snu13,unknown,CD107a low,K291,1.054513165
Polr2a,positive control,CD107a low,K291,0.871177627
Trp53rkb,unknown,CD107a low,K291,1.185008209
Fbl,unknown,CD107a low,K291,0.879231359
Tyw5,unknown,CD107a low,K291,0.856946146
Trmu,unknown,CD107a low,K291,0.735313665
Ftsj1,unknown,CD107a low,K291,1.529196245
Mrm1,unknown,CD107a low,K291,0.791799807
NC1,control,CD107a low,K291,1.077065823
Cmtr2,unknown,CD107a low,K291,0.842129969
Ythdf1-1,unknown,CD107a low,K291,1.52732644
Fto-2,unknown,CD107a low,K291,1.44260226
Lage3,unknown,CD107a low,K291,0.904634275
Alkbh3-3,unknown,CD107a low,K291,1.047619048
Adat2,unknown,CD107a low,K291,0.963528414
Osgep,unknown,CD107a low,K291,0.862296318
Pus10,unknown,CD107a low,K291,1.984268707
Nsun2,unknown,CD107a low,K291,1.222269323
NC2,control,CD107a low,K291,1.469397325
Rnmt,unknown,CD107a low,K291,1.37663682
Pus7,unknown,CD107a low,K291,1.203322304
Mettl3-3,unknown,CD107a low,K291,1.21625603
Trmt5,unknown,CD107a low,K291,1.457632676
Mettl14,unknown,CD107a low,K291,1.42855116
Qtrt1,unknown,CD107a low,K291,1.051714466
Trmo,unknown,CD107a low,K291,1.191378788
Mrm2,unknown,CD107a low,K291,1.213997827
Dimt1,unknown,CD107a low,K291,1.001008368
NC3,control,CD107a low,K291,1.326617346
Nsun4,unknown,CD107a low,K291,1.348080886
Dcps,unknown,CD107a low,K291,1.253437194
Ctu1,unknown,CD107a low,K291,1.130402253
Trmt10c,unknown,CD107a low,K291,1.326359459
Mettl3-2,unknown,CD107a low,K291,1.029497368
Adat1,unknown,CD107a low,K291,1.174509077
Trp53rka,unknown,CD107a low,K291,1.046524417
Thg1l,unknown,CD107a low,K291,0.881316301
Cdkal1,unknown,CD107a low,K291,1.367126468
NC4,control,CD107a low,K291,1.060985318
Trmt10b,unknown,CD107a low,K291,1.136549048
Rpusd4,unknown,CD107a low,K291,1.007143406
Elp3,unknown,CD107a low,K291,1.004927347
Tprkb,unknown,CD107a low,K291,1.087185776
Trmt112,unknown,CD107a low,K291,1.033144624
Ythdc1-1,unknown,CD107a low,K291,0.495299988
Tgs1,unknown,CD107a low,K291,0.969638224
Mettl3-1,unknown,CD107a low,K291,1.223154362
Alkbh3-2,unknown,CD107a low,K291,1.118373675
NC5,control,CD107a low,K291,0.89936062
Ythdf1-2,unknown,CD107a low,K291,0.961209915
Mettl1,unknown,CD107a low,K291,1.590281695
Fto-1,unknown,CD107a low,K291,0.949064013
Nfs1,unknown,CD107a low,K291,0.862583054
Gon7-1,unknown,CD107a low,K291,0.900443931
Cmtr1,unknown,CD107a low,K291,0.967008197
Bcdin3d,unknown,CD107a low,K291,1.058899319
Txn1,unknown,CD107a low,K291,0.627554204
NC6,control,CD107a low,K291,0.900098654
Mepce,unknown,CD107a low,K291,0.682045254
Mettl2,unknown,CD107a low,K291,0.812696874
Iscu,unknown,CD107a low,K291,0.866670954
Trmt61b,unknown,CD107a low,K291,0.941674999
Alkbh8,unknown,CD107a low,K291,0.873572594
Mrm3,unknown,CD107a low,K291,0.810476907
Elp1,unknown,CD107a low,K291,0.920606061
Bud23,unknown,CD107a low,K291,0.563163288
Hsd17b10,unknown,CD107a low,K291,1.077712056
NC7,control,CD107a low,K291,0.779097744
Adat3,unknown,CD107a low,K291,0.495995484
Trdmt1,unknown,CD107a low,K291,1.260143198
Gon7-2,unknown,CD107a low,K291,0.765619184
Mettl6,unknown,CD107a low,K291,0.791717161
Thumpd1,unknown,CD107a low,K291,0.677082168
Wdr4,unknown,CD107a low,K291,0.596156797
Alkbh5,unknown,CD107a low,K291,0.7223194
Trmt61a,unknown,CD107a low,K291,0.853722306
Trit1,unknown,CD107a low,K291,0.817284682
NC8,control,CD107a low,K291,0.615830116
Ythdc1-2,unknown,CD107a low,K291,0.415872363
Tfb1m,unknown,CD107a low,K291,0.7332206
Trmt6,unknown,CD107a low,K291,0.661364317
Trmt10a,unknown,CD107a low,K291,0.384681583
Pus3,unknown,CD107a low,K291,0.490723988
Urm1,unknown,CD107a low,K291,0.417914659
Alkbh3-1,unknown,CD107a low,K291,0.262209998
Qtrt2,unknown,CD107a low,K291,0.235411405
Mettl16,unknown,CD107a low,K291,0.082582806
Snu13,unknown,CD107a high,K28,0.648682156
Polr2a,positive control,CD107a high,K28,0.139996044
Trp53rkb,unknown,CD107a high,K28,0.829814776
Fbl,unknown,CD107a high,K28,0.358385563
Tyw5,unknown,CD107a high,K28,0.412547441
Trmu,unknown,CD107a high,K28,0.277510824
Ftsj1,unknown,CD107a high,K28,0.827286372
Mrm1,unknown,CD107a high,K28,0.290186861
NC1,control,CD107a high,K28,1.618807907
Cmtr2,unknown,CD107a high,K28,0.460669839
Ythdf1-1,unknown,CD107a high,K28,0.648300661
Fto-2,unknown,CD107a high,K28,0.666919474
Lage3,unknown,CD107a high,K28,0.246784845
Alkbh3-3,unknown,CD107a high,K28,1.229201751
Adat2,unknown,CD107a high,K28,0.497952597
Osgep,unknown,CD107a high,K28,0.185730612
Pus10,unknown,CD107a high,K28,0.681388013
Nsun2,unknown,CD107a high,K28,1.634732615
NC2,control,CD107a high,K28,1.088540954
Rnmt,unknown,CD107a high,K28,0.428216226
Pus7,unknown,CD107a high,K28,1.009459459
Mettl3-3,unknown,CD107a high,K28,1.777747253
Trmt5,unknown,CD107a high,K28,0.615764075
Mettl14,unknown,CD107a high,K28,0.450414917
Qtrt1,unknown,CD107a high,K28,0.260200342
Trmo,unknown,CD107a high,K28,1.085265439
Mrm2,unknown,CD107a high,K28,0.377007392
Dimt1,unknown,CD107a high,K28,0.321225969
NC3,control,CD107a high,K28,0.600142238
Nsun4,unknown,CD107a high,K28,0.482813567
Dcps,unknown,CD107a high,K28,0.232414378
Ctu1,unknown,CD107a high,K28,1.785080704
Trmt10c,unknown,CD107a high,K28,0.248739063
Mettl3-2,unknown,CD107a high,K28,0.417930648
Adat1,unknown,CD107a high,K28,0.451335954
Trp53rka,unknown,CD107a high,K28,0.636259642
Thg1l,unknown,CD107a high,K28,0.155178892
Cdkal1,unknown,CD107a high,K28,0.563307609
NC4,control,CD107a high,K28,1.468167203
Trmt10b,unknown,CD107a high,K28,0.981988629
Rpusd4,unknown,CD107a high,K28,0.617585618
Elp3,unknown,CD107a high,K28,2.337957125
Tprkb,unknown,CD107a high,K28,0.276345483
Trmt112,unknown,CD107a high,K28,0.137499251
Ythdc1-1,unknown,CD107a high,K28,0.787726826
Tgs1,unknown,CD107a high,K28,0.117093426
Mettl3-1,unknown,CD107a high,K28,0.188373327
Alkbh3-2,unknown,CD107a high,K28,1.110466785
NC5,control,CD107a high,K28,0.614525796
Ythdf1-2,unknown,CD107a high,K28,0.594017369
Mettl1,unknown,CD107a high,K28,0.538751865
Fto-1,unknown,CD107a high,K28,0.480072045
Nfs1,unknown,CD107a high,K28,0.201897762
Gon7-1,unknown,CD107a high,K28,0.265268915
Cmtr1,unknown,CD107a high,K28,0.250647211
Bcdin3d,unknown,CD107a high,K28,0.648331415
Txn1,unknown,CD107a high,K28,0.082779765
NC6,control,CD107a high,K28,2.470477113
Mepce,unknown,CD107a high,K28,0.107763446
Iscu,unknown,CD107a high,K28,0.1796875
Trmt61b,unknown,CD107a high,K28,1.823018954
Alkbh8,unknown,CD107a high,K28,1.561270051
Mrm3,unknown,CD107a high,K28,0.926040932
Elp1,unknown,CD107a high,K28,1.203936797
Bud23,unknown,CD107a high,K28,0.077134738
Hsd17b10,unknown,CD107a high,K28,0.525081433
NC7,control,CD107a high,K28,0.818181818
Adat3,unknown,CD107a high,K28,0.093566488
Trdmt1,unknown,CD107a high,K28,0.616968699
Gon7-2,unknown,CD107a high,K28,0.974362158
Mettl6,unknown,CD107a high,K28,1.395959463
Thumpd1,unknown,CD107a high,K28,0.286192069
Wdr4,unknown,CD107a high,K28,0.440009978
Alkbh5,unknown,CD107a high,K28,1.94419265
Trmt61a,unknown,CD107a high,K28,0.228113073
Trit1,unknown,CD107a high,K28,0.175314036
NC8,control,CD107a high,K28,0.463185769
Ythdc1-2,unknown,CD107a high,K28,0.454024527
Tfb1m,unknown,CD107a high,K28,1.009835259
Trmt6,unknown,CD107a high,K28,0.149417737
Trmt10a,unknown,CD107a high,K28,1.028558568
Pus3,unknown,CD107a high,K28,0.471314405
Urm1,unknown,CD107a high,K28,0.304841108
Alkbh3-1,unknown,CD107a high,K28,0.283285347
Qtrt2,unknown,CD107a high,K28,0.591645661
Mettl16,unknown,CD107a high,K28,0.000271731
Snu13,unknown,CD107a low,K28,0.54409029
Polr2a,positive control,CD107a low,K28,0.267165037
Trp53rkb,unknown,CD107a low,K28,0.620315442
Fbl,unknown,CD107a low,K28,0.19919505
Tyw5,unknown,CD107a low,K28,0.73139074
Trmu,unknown,CD107a low,K28,0.092944275
Ftsj1,unknown,CD107a low,K28,1.414240459
Mrm1,unknown,CD107a low,K28,0.651195121
NC1,control,CD107a low,K28,1.29259039
Cmtr2,unknown,CD107a low,K28,0.349674724
Ythdf1-1,unknown,CD107a low,K28,0.784149062
Fto-2,unknown,CD107a low,K28,1.185999217
Lage3,unknown,CD107a low,K28,0.370860668
Alkbh3-3,unknown,CD107a low,K28,1.024692404
Adat2,unknown,CD107a low,K28,0.554373288
Osgep,unknown,CD107a low,K28,0.144197249
Pus10,unknown,CD107a low,K28,1.284785436
Nsun2,unknown,CD107a low,K28,0.660776197
NC2,control,CD107a low,K28,1.176079811
Rnmt,unknown,CD107a low,K28,0.517258692
Pus7,unknown,CD107a low,K28,0.855545821
Mettl3-3,unknown,CD107a low,K28,0.534718224
Trmt5,unknown,CD107a low,K28,1.166376915
Mettl14,unknown,CD107a low,K28,0.390433074
Qtrt1,unknown,CD107a low,K28,0.890686993
Trmo,unknown,CD107a low,K28,1.146660767
Mrm2,unknown,CD107a low,K28,0.217119781
Dimt1,unknown,CD107a low,K28,0.473837414
NC3,control,CD107a low,K28,1.045868905
Nsun4,unknown,CD107a low,K28,0.574190245
Dcps,unknown,CD107a low,K28,0.328297944
Ctu1,unknown,CD107a low,K28,0.239204079
Trmt10c,unknown,CD107a low,K28,0.44576643
Mettl3-2,unknown,CD107a low,K28,0.304166529
Adat1,unknown,CD107a low,K28,0.786728096
Trp53rka,unknown,CD107a low,K28,0.82659496
Thg1l,unknown,CD107a low,K28,0.000369518
Cdkal1,unknown,CD107a low,K28,0.898095992
NC4,control,CD107a low,K28,1.159340859
Trmt10b,unknown,CD107a low,K28,0.898934034
Rpusd4,unknown,CD107a low,K28,0.464036644
Elp3,unknown,CD107a low,K28,0.41895333
Tprkb,unknown,CD107a low,K28,0.345650645
Trmt112,unknown,CD107a low,K28,0.180759403
Ythdc1-1,unknown,CD107a low,K28,0.201909612
Tgs1,unknown,CD107a low,K28,0.369129323
Mettl3-1,unknown,CD107a low,K28,0.400945156
Alkbh3-2,unknown,CD107a low,K28,1.139761176
NC5,control,CD107a low,K28,0.771017132
Ythdf1-2,unknown,CD107a low,K28,0.532538242
Mettl1,unknown,CD107a low,K28,0.319594023
Fto-1,unknown,CD107a low,K28,0.455546201
Nfs1,unknown,CD107a low,K28,0.159058595
Gon7-1,unknown,CD107a low,K28,0.627932471
Cmtr1,unknown,CD107a low,K28,0.1296354
Bcdin3d,unknown,CD107a low,K28,0.757689534
Txn1,unknown,CD107a low,K28,0.050243586
NC6,control,CD107a low,K28,0.985351101
Mepce,unknown,CD107a low,K28,0.343883722
Mettl2,unknown,CD107a low,K28,0.541176471
Iscu,unknown,CD107a low,K28,0.121174759
Trmt61b,unknown,CD107a low,K28,0.631365763
Alkbh8,unknown,CD107a low,K28,0.222556473
Mrm3,unknown,CD107a low,K28,0.964295239
Elp1,unknown,CD107a low,K28,0.075058398
Bud23,unknown,CD107a low,K28,0.101516919
NC7,control,CD107a low,K28,0.411173764
Adat3,unknown,CD107a low,K28,0.036555225
Trdmt1,unknown,CD107a low,K28,0.367040756
Gon7-2,unknown,CD107a low,K28,0.609691104
Mettl6,unknown,CD107a low,K28,0.373674132
Thumpd1,unknown,CD107a low,K28,0.353212381
Wdr4,unknown,CD107a low,K28,0.030106435
Alkbh5,unknown,CD107a low,K28,0.177809853
Trmt61a,unknown,CD107a low,K28,0.05581899
Trit1,unknown,CD107a low,K28,0.059625307
NC8,control,CD107a low,K28,0.322773973
Ythdc1-2,unknown,CD107a low,K28,0.047751532
Tfb1m,unknown,CD107a low,K28,0.073340038
Trmt6,unknown,CD107a low,K28,0.053317781
Pus3,unknown,CD107a low,K28,0.059065047
Urm1,unknown,CD107a low,K28,0.066400336
Qtrt2,unknown,CD107a low,K28,0.033833516
Mettl16,unknown,CD107a low,K28,0.033659769
Snu13,unknown,CD107a high,R299,1.056573
Polr2a,positive control,CD107a high,R299,0.6156668
Trp53rkb,unknown,CD107a high,R299,0.888752
Fbl,unknown,CD107a high,R299,0.7125236
Tyw5,unknown,CD107a high,R299,0.8510664
Trmu,unknown,CD107a high,R299,0.7005399
Ftsj1,unknown,CD107a high,R299,1.061522
Mrm1,unknown,CD107a high,R299,0.7730301
NC1,control,CD107a high,R299,0.9825331
Cmtr2,unknown,CD107a high,R299,0.8311877
Ythdf1-1,unknown,CD107a high,R299,0.8234321
Fto-2,unknown,CD107a high,R299,0.9046772
Lage3,unknown,CD107a high,R299,0.8735867
Alkbh3-3,unknown,CD107a high,R299,0.983858
Adat2,unknown,CD107a high,R299,1.138408
Osgep,unknown,CD107a high,R299,0.9812492
Pus10,unknown,CD107a high,R299,1.239431
Nsun2,unknown,CD107a high,R299,1.031602
NC2,control,CD107a high,R299,1.027095
Rnmt,unknown,CD107a high,R299,0.9786585
Pus7,unknown,CD107a high,R299,1.128088
Mettl3-3,unknown,CD107a high,R299,0.8711551
Trmt5,unknown,CD107a high,R299,1.141968
Mettl14,unknown,CD107a high,R299,0.7287607
Qtrt1,unknown,CD107a high,R299,0.9268569
Trmo,unknown,CD107a high,R299,1.081641
Mrm2,unknown,CD107a high,R299,0.8304745
Dimt1,unknown,CD107a high,R299,0.8322604
NC3,control,CD107a high,R299,1.032374
Nsun4,unknown,CD107a high,R299,1.055982
Dcps,unknown,CD107a high,R299,0.873432
Ctu1,unknown,CD107a high,R299,1.155542
Trmt10c,unknown,CD107a high,R299,0.9293804
Mettl3-2,unknown,CD107a high,R299,0.8303914
Adat1,unknown,CD107a high,R299,0.9091648
Trp53rka,unknown,CD107a high,R299,0.8804161
Thg1l,unknown,CD107a high,R299,1.196997
Cdkal1,unknown,CD107a high,R299,0.933204
NC4,control,CD107a high,R299,1.030678
Trmt10b,unknown,CD107a high,R299,1.078052
Rpusd4,unknown,CD107a high,R299,0.7797966
Elp3,unknown,CD107a high,R299,0.9580653
Tprkb,unknown,CD107a high,R299,1.074735
Trmt112,unknown,CD107a high,R299,0.9240614
Ythdc1-1,unknown,CD107a high,R299,0.8169036
Tgs1,unknown,CD107a high,R299,1.097117
Mettl3-1,unknown,CD107a high,R299,1.089546
Alkbh3-2,unknown,CD107a high,R299,1.017148
NC5,control,CD107a high,R299,0.981017
Ythdf1-2,unknown,CD107a high,R299,1.216542
Mettl1,unknown,CD107a high,R299,0.8856819
Fto-1,unknown,CD107a high,R299,1.011962
Nfs1,unknown,CD107a high,R299,0.9708641
Gon7-1,unknown,CD107a high,R299,1.025377
Cmtr1,unknown,CD107a high,R299,0.8019934
Bcdin3d,unknown,CD107a high,R299,1.282788
Txn1,unknown,CD107a high,R299,0.6800557
NC6,control,CD107a high,R299,1.240867
Mepce,unknown,CD107a high,R299,0.6455437
Mettl2,unknown,CD107a high,R299,0.7945983
Iscu,unknown,CD107a high,R299,1.201007
Trmt61b,unknown,CD107a high,R299,0.9934532
Alkbh8,unknown,CD107a high,R299,1.011888
Mrm3,unknown,CD107a high,R299,1.073888
Elp1,unknown,CD107a high,R299,0.9809472
Bud23,unknown,CD107a high,R299,0.8763606
Hsd17b10,unknown,CD107a high,R299,1.000769
NC7,control,CD107a high,R299,0.9538282
Adat3,unknown,CD107a high,R299,0.9196661
Trdmt1,unknown,CD107a high,R299,0.9878585
Gon7-2,unknown,CD107a high,R299,1.110258
Mettl6,unknown,CD107a high,R299,0.8850345
Thumpd1,unknown,CD107a high,R299,1.059541
Wdr4,unknown,CD107a high,R299,0.9724336
Alkbh5,unknown,CD107a high,R299,0.8573756
Trmt61a,unknown,CD107a high,R299,0.928392
Trit1,unknown,CD107a high,R299,1.231148
NC8,control,CD107a high,R299,0.8767575
Ythdc1-2,unknown,CD107a high,R299,1.034287
Tfb1m,unknown,CD107a high,R299,0.7901319
Trmt6,unknown,CD107a high,R299,0.9197591
Trmt10a,unknown,CD107a high,R299,0.8478144
Pus3,unknown,CD107a high,R299,1.044793
Urm1,unknown,CD107a high,R299,0.7545018
Alkbh3-1,unknown,CD107a high,R299,0.8480188
Qtrt2,unknown,CD107a high,R299,0.9135859
Mettl16,unknown,CD107a high,R299,0.4225501
Snu13,unknown,CD107a low,R299,1.306435
Polr2a,positive control,CD107a low,R299,0.8132076
Trp53rkb,unknown,CD107a low,R299,1.06865
Fbl,unknown,CD107a low,R299,0.860079
Tyw5,unknown,CD107a low,R299,0.9401838
Trmu,unknown,CD107a low,R299,0.8321142
Ftsj1,unknown,CD107a low,R299,0.9465561
Mrm1,unknown,CD107a low,R299,0.8102689
NC1,control,CD107a low,R299,0.9349257
Cmtr2,unknown,CD107a low,R299,0.8223281
Ythdf1-1,unknown,CD107a low,R299,1.156254
Fto-2,unknown,CD107a low,R299,0.9991255
Lage3,unknown,CD107a low,R299,0.9227062
Alkbh3-3,unknown,CD107a low,R299,0.9657901
Adat2,unknown,CD107a low,R299,1.101939
Osgep,unknown,CD107a low,R299,0.948334
Pus10,unknown,CD107a low,R299,1.275875
Nsun2,unknown,CD107a low,R299,1.116286
NC2,control,CD107a low,R299,1.270496
Rnmt,unknown,CD107a low,R299,1.051829
Pus7,unknown,CD107a low,R299,1.025008
Mettl3-3,unknown,CD107a low,R299,1.096042
Trmt5,unknown,CD107a low,R299,1.023772
Mettl14,unknown,CD107a low,R299,1.001559
Qtrt1,unknown,CD107a low,R299,0.989605
Trmo,unknown,CD107a low,R299,0.9762002
Mrm2,unknown,CD107a low,R299,0.7985476
Dimt1,unknown,CD107a low,R299,0.9113019
NC3,control,CD107a low,R299,1.046824
Nsun4,unknown,CD107a low,R299,0.9690911
Dcps,unknown,CD107a low,R299,1.066777
Ctu1,unknown,CD107a low,R299,1.13166
Trmt10c,unknown,CD107a low,R299,1.056496
Mettl3-2,unknown,CD107a low,R299,0.9386032
Adat1,unknown,CD107a low,R299,1.210942
Trp53rka,unknown,CD107a low,R299,1.024123
Thg1l,unknown,CD107a low,R299,1.113835
Cdkal1,unknown,CD107a low,R299,1.023397
NC4,control,CD107a low,R299,0.9845422
Trmt10b,unknown,CD107a low,R299,0.9997177
Rpusd4,unknown,CD107a low,R299,1.104755
Elp3,unknown,CD107a low,R299,0.9971701
Tprkb,unknown,CD107a low,R299,0.9954614
Trmt112,unknown,CD107a low,R299,1.046416
Ythdc1-1,unknown,CD107a low,R299,0.7002031
Tgs1,unknown,CD107a low,R299,0.6702074
Mettl3-1,unknown,CD107a low,R299,1.146522
Alkbh3-2,unknown,CD107a low,R299,1.05128
NC5,control,CD107a low,R299,0.8775114
Ythdf1-2,unknown,CD107a low,R299,1.05112
Mettl1,unknown,CD107a low,R299,0.7929079
Fto-1,unknown,CD107a low,R299,0.9443861
Nfs1,unknown,CD107a low,R299,1.061683
Gon7-1,unknown,CD107a low,R299,1.085372
Cmtr1,unknown,CD107a low,R299,0.8089348
Bcdin3d,unknown,CD107a low,R299,1.213085
Txn1,unknown,CD107a low,R299,0.8419169
NC6,control,CD107a low,R299,1.07451
Mepce,unknown,CD107a low,R299,0.8470481
Mettl2,unknown,CD107a low,R299,0.8903553
Iscu,unknown,CD107a low,R299,1.022562
Trmt61b,unknown,CD107a low,R299,0.8582083
Alkbh8,unknown,CD107a low,R299,1.022768
Mrm3,unknown,CD107a low,R299,0.9068665
Elp1,unknown,CD107a low,R299,0.9308655
Bud23,unknown,CD107a low,R299,0.8096309
Hsd17b10,unknown,CD107a low,R299,0.9187388
NC7,control,CD107a low,R299,1.191506
Adat3,unknown,CD107a low,R299,1.073217
Trdmt1,unknown,CD107a low,R299,0.9683902
Gon7-2,unknown,CD107a low,R299,0.9843383
Mettl6,unknown,CD107a low,R299,0.9891021
Thumpd1,unknown,CD107a low,R299,0.6889496
Wdr4,unknown,CD107a low,R299,0.7905341
Alkbh5,unknown,CD107a low,R299,0.9640893
Trmt61a,unknown,CD107a low,R299,1.375209
Trit1,unknown,CD107a low,R299,0.9484193
NC8,control,CD107a low,R299,0.8647059
Ythdc1-2,unknown,CD107a low,R299,0.5354847
Tfb1m,unknown,CD107a low,R299,0.7737984
Trmt6,unknown,CD107a low,R299,0.8148436
Trmt10a,unknown,CD107a low,R299,0.7254679
Pus3,unknown,CD107a low,R299,0.6385534
Urm1,unknown,CD107a low,R299,0.5726291
Alkbh3-1,unknown,CD107a low,R299,0.5281125
Qtrt2,unknown,CD107a low,R299,0.399214
Mettl16,unknown,CD107a low,R299,0.287207
